{"stats":{"minecraft:crafted":{"minecraft:crafting_table":1,"minecraft:oak_planks":44,"minecraft:stick":8,"minecraft:wooden_pickaxe":1},"minecraft:mined":{"minecraft:stone":1,"minecraft:oak_log":11},"minecraft:custom":{"minecraft:jump":18,"minecraft:time_since_rest":2674,"minecraft:crouch_one_cm":179,"minecraft:damage_taken":10,"minecraft:sprint_one_cm":979,"minecraft:play_time":2674,"minecraft:time_since_death":2674,"minecraft:walk_one_cm":7532,"minecraft:sneak_time":77,"minecraft:total_world_time":2674,"minecraft:interact_with_crafting_table":1,"minecraft:fall_one_cm":1019,"minecraft:fly_one_cm":2027,"minecraft:open_barrel":1},"minecraft:picked_up":{"minecraft:oak_log":11,"minecraft:cobblestone":1},"minecraft:used":{"minecraft:wooden_pickaxe":1,"minecraft:crafting_table":1}},"DataVersion":3465}